827,Eliza,20,10.595706,68.10359,82.197395,36.146023
82,Kaylani,21,10.451102,71.874374,14.575998,34.821487
101,Leia,21,10.609621,32.590862,22.539639,21.017738
762,Liam,20,11.856748,9.907478,23.978874,96.404655
981,Priscilla,20,12.706716,17.935276,40.248062,85.29121
484,Giuliana,22,11.593973,2.197863,62.14611,78.09153
774,Violeta,25,10.221753,49.250317,35.508793,54.676304
346,Adaline,22,11.6327505,7.399109,84.43774,38.721058
15,Kayleigh,25,10.237962,77.77997,48.892067,41.441048
707,Sandra,21,12.275051,62.563473,6.474322,78.08272
875,Victoria,25,10.312315,28.027222,79.189415,28.286032
225,Marisol,23,11.25139,23.133665,83.70934,0.5264495
537,Kensington,22,12.455198,14.330036,89.05343,2.1331239
48,Eisley,26,10.80754,26.390665,37.68876,39.762684
423,Bryn,22,12.83668,90.43121,42.660625,74.25039
976,Aranza,22,13.11121,61.023968,61.05703,11.504835
582,Karlee,20,14.869091,92.89486,49.662178,95.73724
137,Marlen,23,12.933519,92.53353,30.610807,80.84169
726,Harlow,27,11.036909,82.67353,74.18555,70.41192
903,Emmerson,29,10.349604,75.64391,46.620007,38.684574
291,Kamiya,29,10.39121,76.44333,35.452644,24.221582
822,Vivienne,22,13.735859,66.609764,76.85144,53.187412
994,Kaydence,21,14.811762,15.297081,85.35371,12.212162
26,Gabriella,24,13.033345,79.05908,38.337627,13.157032
397,Dalary,27,11.599383,36.01502,72.077866,26.730284
34,Marlow,23,13.874875,3.3858442,53.820045,56.907593
874,Karmen,22,14.52474,80.76245,36.10639,19.079704
211,Lola,28,12.065477,60.613995,66.78277,36.30847
983,Sarai,20,17.266872,98.07854,28.73539,2.8207178
60,Kinsley,28,12.371945,71.45053,85.3094,30.482094
244,Zara,26,13.422645,49.025284,55.319115,32.60726
616,Adalynn,31,11.349207,49.82133,0.628644,35.62156
273,Charlee,35,10.321645,3.6396346,72.859215,55.799297
249,Estella,25,14.496852,6.7133226,90.537186,80.41487
590,Florence,21,17.361742,0.3892094,44.67394,32.53878
452,Alia,30,12.187227,69.64865,57.037106,66.35572
574,Reeva,31,11.89418,35.803307,87.45781,3.8546667
757,Jasmine,29,12.804183,78.22936,57.875343,34.946068
107,Kendra,20,19.313107,55.201572,11.670313,62.963295
130,Naveah,33,11.722347,79.51875,70.53375,3.1223564
990,Lilli,20,19.423162,28.254726,66.56153,64.96372
669,Aniyah,31,12.556393,51.04252,79.405594,48.735626
735,Colette,35,11.138388,16.683268,73.13404,19.774336
323,Keyla,20,19.756546,93.46882,60.562946,43.32059
939,Jordan,35,11.408327,14.879707,33.26611,57.42524
340,Laylani,28,14.318404,63.631226,53.680653,74.049965
207,Charlotte,37,10.840456,78.62782,43.21408,39.40454
984,Maisie,23,17.695702,22.97022,39.463936,98.029106
518,Genesis,35,11.745383,7.4510684,78.78176,10.643358
127,Eliora,41,10.085499,8.354916,53.043007,28.616762
459,Aubriella,23,18.073296,29.024605,16.030258,19.66532
828,Kaelyn,38,11.25519,39.2121,39.25823,90.74475
45,Kailyn,20,21.418621,80.42793,63.913406,34.949657
39,Nicole,29,14.776771,5.1843204,1.803599,69.73491
618,Cecelia,30,14.549043,91.75275,0.8017105,65.42254
779,Cindy,36,12.144014,61.74199,10.507961,49.417145
962,Palmer,35,12.525615,40.99104,99.949104,65.064995
212,Veda,20,22.215626,40.46322,89.89514,31.925478
405,Kassidy,26,17.125591,87.65605,84.89885,62.9686
802,Daisy,34,13.11792,92.3798,63.980556,9.3950405
733,Adriana,36,12.406533,56.41309,88.13351,73.20751
289,Nancy,20,22.547573,1.2847736,6.674965,58.58594
128,Emma,27,16.7407,38.388622,29.267202,48.778214
339,Jovie,28,16.234495,0.6060874,8.659799,8.361688
463,Kynslee,39,11.686441,13.124214,41.356922,89.74922
912,Bria,44,10.492513,24.132423,14.014501,51.45403
262,Kaira,24,19.236507,22.504797,82.36049,7.374865
787,Mariana,31,14.952638,17.863024,95.05046,66.302605
314,Rosalind,41,11.327414,66.65644,80.839966,92.84423
524,Camilla,40,11.659962,93.264435,52.435818,4.819857
737,Edie,34,13.772963,91.73592,30.331362,10.434043
1000,Gloria,38,12.367375,0.070692666,23.20795,55.918705
74,Emersyn,47,10.036392,82.6853,61.508373,49.177498
29,Genevieve,21,22.567768,12.028365,81.023445,11.059808
360,Alejandra,28,16.943443,76.74876,28.24615,27.200468
105,Selena,39,12.220184,14.770181,71.45604,95.664734
118,Maycie,20,24.143764,50.358677,92.28658,31.008041
761,Aspyn,32,15.10748,15.388851,49.18936,36.4192
302,Sariyah,46,10.591249,77.11825,35.49269,12.659686
801,Lorelei,20,24.420929,38.113823,95.07119,75.0794
489,Ellison,38,12.865929,87.329575,23.359837,52.273968
434,Karolina,28,17.828083,4.6770897,45.354256,40.792755
54,Emerie,27,18.546413,95.940216,79.27672,86.49469
65,Nova,36,13.932845,22.794992,1.8358126,31.721506
532,Sloan,47,10.690879,74.867355,60.866352,59.01562
380,Lyla,27,18.639278,46.059856,71.743225,34.939827
317,Aviana,39,12.968365,90.67977,13.253938,15.17021
417,Bree,50,10.115486,50.35491,76.43473,42.599216
883,Laura,25,20.326387,48.654213,73.347664,26.833387
102,Regina,46,11.116668,79.55245,56.41799,20.680817
591,Claudia,21,24.427105,33.695595,22.985569,6.692883
607,Annalise,21,24.466635,20.45818,64.55535,33.230694
140,Ayana,34,15.124934,71.25354,14.0035515,9.880296
866,Sonia,49,10.501463,61.86864,26.07995,66.251274
25,Jazlyn,26,19.800163,30.555098,31.088633,99.81221
753,Aleigha,38,13.653269,38.099804,36.223396,0.60052866
501,Aislinn,35,14.888569,54.947674,30.00407,21.747843
194,Trinity,31,16.99229,55.519962,34.363213,33.314537
239,Kashton,26,20.361967,13.04318,20.906704,91.41103
469,Amalia,51,10.443331,66.61915,20.690434,71.70979
602,Logan,23,23.184193,84.568504,96.13698,84.64968
198,Liviana,25,21.494778,63.84671,21.217848,42.548946
410,Emme,28,19.320824,90.307655,73.09067,77.6312
851,Arielle,41,13.217028,18.29816,43.908184,28.315815
332,Hadassah,41,13.264582,33.570946,52.41374,56.356598
741,Cassidy,31,17.681662,1.0173826,87.479324,47.184017
718,Lisa,20,27.43159,92.27572,4.398341,8.615362
943,Lexie,38,14.456457,54.948154,67.61986,2.7506714
362,Iris,37,14.92551,45.987984,46.16183,98.91366
33,Coco,21,26.510578,48.950394,12.820026,87.49254
393,Sara,20,27.843521,12.236979,19.760765,41.57463
600,Avi,31,17.967733,89.331635,23.669222,45.341995
842,Amiah,20,27.981482,7.066049,41.694515,12.343165
248,Nataly,41,13.754686,53.787754,0.7687432,19.60111
445,Flora,25,22.628925,97.604195,32.27145,7.8677325
90,Zaniya,31,18.268211,57.27908,61.9816,77.527435
272,Lana,50,11.417975,53.62061,17.412283,51.190323
421,Kennedi,37,15.43313,71.04295,16.758333,6.6147194
889,Elinor,45,12.707271,9.575237,45.28234,15.798072
647,Jalyn,52,10.998161,51.419567,45.609814,45.283085
799,Jaylah,35,16.401707,27.685751,17.38549,26.252687
759,Ella,35,16.424807,39.359386,36.96256,5.837709
766,Alyssa,44,13.091639,20.282879,2.7069192,91.47004
20,Sofia,31,18.653534,34.55239,94.97021,79.107
683,Nalani,33,17.587347,75.51839,16.15381,18.1533
245,Briella,50,11.61426,97.5163,59.589783,22.242502
506,Beatriz,21,27.656155,89.14482,71.47853,44.372246
603,Joy,37,15.978546,31.910007,18.754969,79.34873
112,Leyla,51,11.606532,38.83755,16.544025,98.933914
59,Aliyah,28,21.251995,36.98889,65.41345,29.904861
108,Jorja,34,17.50315,8.620229,5.7080593,83.41961
22,Preslee,46,12.970201,1.7887574,33.20799,9.318488
475,Adilene,47,12.711874,89.65501,50.012608,92.353935
734,Yamila,25,23.944868,65.750465,17.153988,58.550663
38,Laylah,37,16.18942,56.02186,31.764822,98.37604
970,Rory,44,13.657954,34.12409,82.43563,94.700645
552,Marlie,38,15.954089,40.068066,68.86701,73.528076
378,Natalia,59,10.306573,5.3008056,31.239687,32.98991
825,Keiry,50,12.177376,72.55091,64.03709,15.976991
80,Kataleya,26,23.452318,8.465382,90.73796,15.132589
681,Freyja,56,10.888955,30.394098,78.93243,71.99074
559,Kassandra,39,15.642225,9.531879,8.684422,6.4092064
474,Rose,23,26.544374,49.46993,6.005065,60.781185
13,Paityn,34,17.969059,61.00069,52.302364,88.86057
91,Bonnie,40,15.485776,98.239265,48.385925,27.171928
628,Arabella,45,13.789106,28.585306,5.1867914,9.337128
953,Hannah,22,28.206774,57.60815,57.9216,52.295723
297,Emani,23,27.11707,13.461151,45.62303,31.470604
350,Sadie,59,10.600611,8.459214,35.062332,11.290074
781,Ari,53,11.808597,44.27284,13.523538,13.617029
738,Karter,21,30.093405,12.199173,40.124607,9.551149
328,Remi,32,19.833122,67.15889,1.6032318,50.945164
184,Zoya,32,19.891773,28.491096,39.758343,11.709256
608,Elleanna,23,27.829996,33.551697,78.60065,9.5240135
269,Amani,22,29.248812,61.98496,67.827614,93.557076
32,Zora,22,29.338324,66.12595,87.12231,36.693085
848,Iliana,48,13.505442,95.20162,20.015514,39.950794
335,Remington,49,13.257315,28.482351,92.77311,68.67715
256,Sophie,21,31.026098,53.825523,0.56431127,42.61746
959,Liberty,22,29.618845,43.875824,47.469826,62.79985
372,Sasha,21,31.135378,15.89126,90.230896,42.960182
995,Johanna,37,17.790407,70.57303,98.56164,33.129097
458,Clementine,34,19.36858,59.37334,21.636452,90.04998
728,Lyra,25,26.355635,64.64493,40.136234,97.46207
89,Paislee,24,27.58177,41.564884,10.268539,57.82678
36,Andie,36,18.395472,86.42795,17.670979,58.78625
319,Aviva,27,24.58572,33.58745,59.422615,36.488773
92,Autumn,24,27.674482,61.187794,57.972538,78.15966
765,Daniela,34,19.578188,16.426397,93.11119,10.398611
846,Kiana,52,12.813238,39.067627,76.3084,54.569965
869,Jennifer,52,12.823466,82.34838,67.23586,93.35493
496,Roselyn,24,27.794363,11.677846,22.909277,71.18106
730,Jade,26,25.765814,54.18142,28.22229,90.918236
186,Daphne,36,18.623257,73.495804,39.89191,12.0996
315,Kate,43,15.606544,79.53211,52.998272,84.21457
387,Maylee,27,24.863672,5.2322993,87.09342,33.735737
154,Everlie,26,25.824594,44.5332,83.49585,95.96007
356,Sarah,27,24.935957,75.811966,26.410841,58.839203
84,Addalyn,43,15.672402,54.620857,11.562818,86.12751
960,Alani,46,14.707881,48.998844,20.964067,43.333538
916,Sanai,32,21.212524,69.08487,29.07515,78.990585
588,Alaia,20,34.017384,55.98227,43.77874,92.799934
27,Ophelia,55,12.3711405,15.876357,5.233031,9.829823
341,Ariana,52,13.098146,51.723408,78.10062,86.4771
583,Amina,23,29.636917,23.702358,81.78377,17.069986
364,Willow,22,31.00829,20.52156,69.80266,25.6838
517,Kamilah,31,22.0479,4.9258475,70.12394,13.425291
308,Tinsley,58,11.822594,81.041245,0.570343,19.15357
812,Zayla,53,13.007631,70.9098,2.938676,26.016045
218,Brynn,22,31.439718,58.27624,84.5648,53.469765
843,Kennedy,26,26.71668,41.787567,9.306887,3.210928
337,Emery,21,33.553463,74.10173,82.068855,27.636366
776,Emily,20,35.267403,26.555244,59.696938,36.08829
833,Estrella,47,15.040852,69.24361,65.68445,44.24897
913,Alyson,34,20.806158,75.57724,84.02153,65.98133
642,Luz,38,18.63275,78.5589,77.88868,94.974495
507,Janelle,20,35.677498,82.80894,82.48009,28.38818
691,Hanna,41,17.454344,89.2963,50.076405,46.9387
87,Maeve,42,17.060017,67.209625,9.83948,58.95684
740,Alayah,45,15.942731,69.31289,10.760566,70.54146
592,Adalyn,27,26.57807,87.759674,61.431614,13.986415
306,Felicity,55,13.059271,8.25652,5.794397,57.58647
123,Presley,21,34.274662,44.827072,99.18104,37.63419
147,Norah,26,27.711084,75.2096,91.992836,47.803143
6,Jocelyn,22,33.015347,56.716747,58.81263,53.538036
528,Luna,24,30.359383,44.59237,12.944907,54.608078
800,Sarina,20,36.45675,71.92463,58.766907,4.715528
188,Jessie,54,13.50314,20.897175,83.85805,74.24845
203,Angel,49,14.885123,33.98932,86.14378,93.42332
876,Elodie,42,17.386858,80.68162,64.27629,57.72543
910,Elaina,25,29.248684,64.63672,25.959698,44.897808
749,Gabrielle,39,18.795538,87.9335,73.55148,74.02907
371,Emerson,29,25.290318,62.350952,48.80975,42.84542
281,Heaven,25,29.374537,12.808227,21.532598,97.85332
666,Gracelyn,29,25.417768,3.4941924,69.34212,80.06324
298,Mae,54,13.66225,84.17475,91.58376,25.979628
217,Rosalina,29,25.559513,32.203133,53.254745,7.0637665
290,Vivian,33,22.489706,43.21412,12.746869,49.961716
120,Remy,46,16.184647,33.61764,57.79055,80.463165
668,Allison,51,14.620755,4.097378,50.343998,61.60709
918,Kamiyah,44,17.073778,19.978256,35.78348,73.19373
233,Anastasia,32,23.518694,36.818657,5.4299316,49.71169
282,Deborah,26,28.962729,11.238522,49.11925,24.489313
283,Jessica,27,27.937923,90.84679,12.037756,32.76118
690,Juliet,21,36.00936,63.279766,5.530598,75.859314
932,Yazmin,31,24.411674,4.5467772,17.878662,81.43933
385,Cataleya,23,32.913486,52.7057,21.786814,89.11192
685,Adilynn,55,13.774073,75.294235,68.33683,97.89008
327,Emmie,45,16.849072,56.350876,83.71799,22.513002
241,Skyler,34,22.377872,57.04015,68.98384,23.343487
367,Katherine,26,29.284739,12.610502,7.6278915,87.8736
148,Destiny,55,13.937804,6.729391,21.056385,88.14456
911,Elyza,31,24.757019,83.37988,9.022713,71.00814
808,Lucy,24,31.97857,98.21169,15.473023,93.66585
204,Colleen,27,28.425556,41.442528,34.91578,65.22504
672,Mariyah,35,21.990158,52.19585,20.906649,86.711426
936,Vanessa,32,24.093689,86.15657,11.341829,94.172585
231,Ruth,29,26.898052,0.23993747,47.358307,99.48908
678,Keilani,37,21.130136,74.56168,48.14679,44.372604
177,Bridget,30,26.348442,42.176403,62.313297,65.46869
958,Monroe,45,17.570269,69.082085,75.719376,34.869
702,Iyla,43,18.387674,78.338005,51.235645,35.169823
63,Millie,47,16.908909,64.179985,69.198235,8.765407
687,Estefania,29,27.408733,56.11349,80.72509,83.47736
967,Clare,38,21.074429,24.504175,75.98916,71.90934
320,Amia,21,38.20066,5.12806,66.2023,9.518316
930,Danielle,25,32.171795,68.492355,3.333883,50.73196
987,Lilyanna,29,27.760588,65.273636,64.27955,38.953705
135,Effie,28,28.75312,86.90691,18.292173,41.280155
121,Elizabeth,27,29.8417,8.192922,99.67622,10.745602
999,Haddie,24,33.657436,74.65878,28.221436,58.510395
703,Hayden,27,30.054436,91.086784,91.16241,58.007088
823,Makayla,49,16.573717,23.089615,54.085323,90.859795
775,Ruby,48,16.95165,86.34906,8.483868,24.650328
650,Miya,49,16.62842,20.844309,32.729855,80.356285
450,Jane,31,26.363472,60.468533,48.77435,91.695786
398,Zahara,55,14.91297,18.425556,23.922426,63.881485
16,Ellis,25,32.84378,12.1156845,32.755554,49.92984
264,Lina,23,35.94807,36.84234,88.58792,10.524225
247,Harmoni,20,41.366055,99.75042,25.129063,12.205604
52,Ariella,29,28.549128,60.01186,7.732954,34.847576
430,Willa,42,19.743803,86.05069,73.0482,73.78885
820,Lena,26,31.921541,93.022606,44.614925,79.267136
305,Payton,23,36.0938,1.9535921,96.20469,50.54476
201,Catalina,48,17.347582,75.074036,46.436333,28.575552
71,Shiloh,24,34.718636,7.1082544,30.154028,27.616013
41,Kamryn,40,20.841742,71.48905,49.276573,38.664726
454,Suki,35,23.829765,46.476357,64.65134,73.593254
645,Nora,20,41.708984,93.713974,0.62439203,86.715515
797,Esther,41,20.415314,31.419054,37.93705,11.450522
548,Journee,50,16.764877,99.1101,54.971,37.12747
722,Annabelle,44,19.106401,98.127754,94.39211,55.11049
571,Rayna,54,15.633343,71.402565,65.6866,78.98917
243,Karis,31,27.35366,35.01828,75.18462,30.775925
553,Coraline,34,24.97109,70.70922,23.89084,66.018295
497,Kayley,22,38.666317,8.192191,4.367795,6.667898
293,Della,29,29.47257,87.82995,42.409527,22.679197
522,Izabella,20,42.891193,93.892876,93.25953,7.252788
313,Katia,24,35.97564,36.250237,17.489393,16.905386
93,Adella,40,21.639803,8.964428,76.937096,76.011215
165,Ania,47,18.49615,20.957647,44.276028,82.79852
564,Milan,23,37.855114,87.34847,42.747055,62.32456
195,Savannah,28,31.106457,68.306526,33.109936,99.28702
972,Amiracle,52,16.750385,75.80234,82.08339,11.265924
993,Bexleigh,38,22.926876,72.13277,40.524235,60.4138
715,Lucia,51,17.090525,84.68626,43.172234,59.750423
706,Elina,32,27.304844,54.002327,4.5863028,33.13133
162,Wren,30,29.226673,45.19739,25.289001,54.98968
448,Lylah,26,33.73173,89.69615,88.51985,33.070667
30,Naomi,50,17.562702,3.4522374,88.394905,79.38695
116,Collins,21,42.095875,7.395067,70.49258,66.16654
542,Baylee,26,34.0514,17.05789,74.119545,88.870674
838,Oakley,29,30.580433,3.0630302,13.749833,87.81974
277,Janessa,22,40.570335,68.07822,81.88031,13.513298
865,Kinley,43,20.80708,52.06751,93.786026,50.39937
783,Judith,21,42.641266,67.47006,72.32009,7.606417
550,Taliah,52,17.240013,21.08974,71.14602,8.1231165
794,Freida,59,15.279863,72.936424,64.30622,77.412445
303,Giovanna,30,30.123024,68.6013,46.77555,20.204737
487,Michaela,26,34.86753,60.375935,27.272455,93.30695
169,Elsa,45,20.231953,80.18451,36.615974,39.68019
539,Brittany,51,17.852806,94.23483,92.59395,57.93642
254,Nina,45,20.351963,56.645275,4.588529,75.24516
867,Zaylee,28,32.74598,4.557199,24.70325,99.80872
748,Taliyah,40,22.959198,90.072784,15.391314,42.771843
563,Rylynn,42,21.874712,60.59186,71.95335,42.595757
768,Sky,59,15.577473,20.432774,64.27979,74.85834
996,Devyn,52,17.703743,38.02488,83.79679,55.021782
178,Karlie,45,20.459879,19.398952,61.48348,42.41724
180,Raquel,46,20.155518,28.555006,13.991162,7.910407
268,Joanna,49,18.92389,83.92646,26.74192,17.302893
294,Anayah,21,44.186424,72.40045,39.560387,31.803167
462,Langston,36,25.785423,55.279022,21.823528,42.595726
21,Navy,29,32.083237,20.982084,93.82698,38.658524
172,Analiah,44,21.15657,27.811388,46.827293,69.13561
568,Anabelle,21,44.388844,96.18123,69.59294,95.199394
947,Christine,25,37.30142,31.167604,23.537,24.298758
598,Rowan,43,21.818972,2.9279578,92.13935,32.243313
980,Adelynn,55,17.131498,82.162704,70.0137,82.368385
280,Pepper,32,29.47956,86.75219,85.91903,92.189926
35,Lindy,30,31.45353,20.567095,54.106174,23.955805
945,Tatum,22,42.89137,97.0194,14.811331,18.240213
185,Janae,50,18.880745,15.832769,70.57469,91.33347
782,Lyanna,44,21.479025,40.469685,52.303112,35.035645
832,Kenia,48,19.693836,90.085175,98.45955,93.7377
578,Kailee,35,27.061954,68.85817,39.163162,58.368504
536,Samiyah,59,16.06048,56.740734,71.3651,7.5273485
780,Aaniyah,59,16.081333,78.82451,97.66863,23.285435
630,Evelyn,21,45.225292,41.455647,57.120934,49.89143
890,Aiyana,26,36.56513,25.280945,29.677752,97.77162
473,Paisleigh,59,16.125828,62.146797,25.805876,70.44205
345,Valentina,56,16.996683,45.564137,5.0521126,63.43561
141,Violet,21,45.44982,68.950455,43.299267,62.74481
905,Dakota,42,22.787523,74.77142,10.610272,93.66412
731,Adalee,26,36.884056,34.74209,86.09162,87.015
326,Fiona,54,17.761486,43.15339,10.43184,21.10865
639,Evelynn,22,43.60872,83.61406,69.63521,42.42957
353,Emmalyn,27,35.54602,7.81437,59.950184,53.875988
864,Anika,24,40.073112,89.913795,47.564106,41.24463
224,Celeste,27,35.6595,78.51452,51.583668,34.81299
696,Brielle,20,48.452255,70.210335,54.710533,17.375347
466,Kinsleigh,46,21.081348,79.62519,21.979038,59.20382
95,Amaia,24,40.43353,3.667584,70.57156,87.57741
223,Lillianna,36,26.979136,43.204433,40.579746,73.149574
406,Jazlynn,53,18.350197,33.292484,15.272883,46.296326
872,Amanda,35,27.801823,64.99067,71.135,52.021275
575,Ariadne,47,20.710213,34.43428,91.92396,34.240482
117,Rachel,23,42.39599,46.96661,17.83156,39.49157
443,Joslyn,47,20.765596,15.319163,73.13456,53.24536
470,Renee,53,18.452116,15.798694,92.97004,69.63526
472,Julissa,44,22.239496,18.254894,81.71296,20.90397
96,Adrienne,48,20.54948,75.96315,42.16945,78.05498
296,Everly,50,19.744267,18.70862,0.63979477,65.967674
279,Queen,51,19.369204,38.442284,41.22548,72.932304
897,Armani,26,38.2324,98.78021,94.99188,70.22487
956,Ariah,46,21.659737,19.977045,48.34559,65.011375
202,Shelby,41,24.304596,37.20783,89.28565,90.99615
404,Belle,28,35.612118,22.84888,23.088015,62.25036
665,Lumi,25,39.890385,66.95398,10.681184,54.10347
131,Marleigh,27,36.939884,86.47525,94.99386,18.186682
312,Anabella,57,17.505127,40.421085,96.79214,96.17094
873,Marina,51,19.56608,40.877934,34.096497,24.288244
236,Mila,23,43.404392,9.444747,23.91683,53.97973
950,Kasia,26,38.43024,92.990105,29.210798,23.763248
772,Shania,49,20.39533,11.070018,12.105307,17.080915
486,Dayanara,51,19.60099,56.44061,42.253483,54.30445
595,Salem,36,27.791435,41.80847,32.03305,90.27951
841,Oaklee,30,33.43455,99.3427,41.997425,82.42268
621,Rivka,25,40.15479,35.279182,6.2529297,42.356712
265,Avalee,26,38.62492,21.277254,6.3436804,85.280556
877,Alisa,24,41.877457,46.82763,16.684904,19.930634
12,Monica,49,20.539795,5.5807366,34.018673,86.61575
413,Kora,47,21.455097,75.893936,12.856071,85.52692
503,Yael,22,46.029045,11.845235,13.778725,97.64685
606,Tenley,38,26.757368,35.70808,53.29598,62.94491
491,Gwenyth,46,22.130192,73.2744,41.210842,67.4903
855,Noemi,55,18.591732,81.55328,10.717931,27.887815
861,Myka,21,48.800358,46.22322,97.35144,89.58448
951,Ryann,35,29.411661,13.643817,14.712631,11.957643
777,Ellen,36,28.636278,50.854736,92.99944,38.45614
546,Penny,40,25.785318,67.47508,20.000544,94.89453
611,Dalia,58,17.792088,25.000856,98.26381,5.965338
97,Lindsey,22,46.98143,40.910744,73.28147,3.9403625
368,Annie,33,31.335339,10.809132,14.571203,38.54659
375,Tegan,37,27.988916,28.95986,80.539024,64.532486
704,Zariya,25,41.561764,95.08885,69.37769,93.91665
708,Maddison,31,33.54174,84.55967,81.53505,87.61853
601,Cynthia,47,22.205212,99.64923,37.310783,30.436918
599,Everleigh,43,24.313032,18.763538,27.301777,40.765385
193,Jenna,42,24.906708,87.47974,51.978645,73.65323
807,Ayleen,38,27.656544,61.864258,16.621876,90.12342
471,Maleah,47,22.363756,64.552505,96.342514,53.155937
920,Chanel,21,50.15732,37.200653,8.1335745,51.735897
453,Mira,37,28.505241,8.310872,20.743404,71.18807
357,Valerie,40,26.46525,92.02929,93.11732,6.5239625
150,Reyna,22,48.17666,64.03875,79.49593,74.78273
409,Nola,58,18.277514,62.269463,31.46784,81.54892
978,Nathalie,28,37.906555,68.07686,22.10631,61.31587
896,Riley,30,35.41508,37.590694,13.8045225,10.157169
316,Lindsay,31,34.363304,34.163853,84.49646,13.104055
389,Kira,24,44.478996,18.372288,81.89627,0.14881039
688,Felicia,24,44.673164,65.94175,85.36729,80.2277
723,Brenda,26,41.2931,36.48466,11.406063,59.189236
258,Vienna,57,18.870369,22.391933,61.344006,96.56765
986,Azariah,42,25.629774,74.461845,94.74253,77.14795
792,Hadleigh,59,18.260082,31.653164,35.71565,31.757265
415,Jill,46,23.456257,57.82771,89.84833,91.16082
267,Desiree,35,30.83645,44.222733,41.31634,16.734278
383,Danica,57,18.953009,38.820442,39.87169,46.86421
1,Gemma,37,29.308752,73.83645,80.86529,42.18227
771,Michelle,38,28.598164,71.02984,26.952648,12.52633
164,June,40,27.19676,99.846825,4.839939,67.05166
402,Mia,49,22.218119,80.79503,28.520267,67.98969
176,Khaleesi,40,27.263807,75.81574,52.201534,28.727417
885,Althea,59,18.59453,90.22429,45.71902,22.806658
816,Amethyst,38,28.921059,89.593796,44.591972,85.824265
689,Maya,39,28.24004,4.231726,61.864227,5.672905
104,Edith,22,50.244377,59.358574,14.320818,83.68426
333,Gwendolyn,21,52.72934,12.374902,18.526867,30.925632
31,Georgia,41,27.098562,1.5673999,48.081062,16.338581
232,Aurora,21,52.940086,26.59201,5.6187153,29.975182
853,Julieta,32,34.77948,24.174932,12.996247,23.298307
197,Martha,58,19.201694,49.33246,13.673335,99.04422
363,Seraphina,23,48.463146,36.015015,93.931244,73.21506
260,Olive,23,48.52329,48.612267,7.0973854,48.865208
358,Maliyah,21,53.37413,51.314297,30.34667,25.13999
132,Celine,52,21.613924,48.22273,74.56257,60.68903
974,Raleigh,40,28.154638,43.7917,22.834396,5.3072023
755,Allie,59,19.143175,13.901158,86.84778,74.04018
391,Raelynn,28,40.461277,28.272043,8.451535,96.97465
906,Sloane,23,49.263275,17.931875,95.90769,66.22393
480,Scarlette,38,29.826813,12.707296,52.876778,49.335476
971,Santana,45,25.234312,36.64065,97.09405,5.185605
285,Margot,22,51.75434,70.33322,61.568115,60.60216
257,Kavya,34,33.4885,61.99567,98.24755,17.159992
567,Athena,28,40.84682,70.91197,50.194435,98.49081
521,Alanna,23,49.752285,62.278667,76.159035,18.905533
394,Camila,33,34.689972,24.986969,93.57018,57.5278
213,Ciara,21,54.60187,41.145924,66.293236,97.20654
551,Lizeth,24,47.820763,64.40344,87.40281,39.91961
744,Kaliyah,45,25.547716,82.65608,49.032913,57.362858
276,Sariah,52,22.120556,78.823715,8.494466,8.143021
381,Lizbeth,29,39.668083,23.066328,80.46604,44.02771
75,Eileen,32,35.957584,4.0994577,32.325573,15.729108
982,Davina,23,50.424603,8.071893,58.09141,3.039544
739,Veronica,38,30.543722,82.0487,70.09616,9.554375
934,Giavanna,51,22.765778,75.63253,63.979935,8.588873
752,Dani,46,25.27676,28.14673,57.429993,48.367527
76,Charley,43,27.070541,12.137132,96.85745,89.30958
175,Averie,38,30.637121,44.94296,45.077457,82.85955
376,Blakely,27,43.15126,76.16536,26.967604,85.69634
557,Lara,22,52.95902,25.357569,41.32605,16.632738
604,Wendy,23,50.71404,40.798573,2.350431,67.81421
620,Luciana,50,23.330101,98.74787,4.5856276,56.563274
655,Blair,52,22.457542,96.528206,98.901245,6.0713587
545,Angelina,21,55.835575,87.76142,30.84008,20.04209
679,Magnolia,44,26.668215,80.47543,57.84062,68.78997
633,Zaniyah,35,33.6173,5.1620846,11.7637615,20.194939
719,Cayleigh,56,21.012665,9.7272005,8.510749,12.503073
809,Ayla,25,47.153755,71.67713,89.07776,49.03392
760,Laney,32,36.843105,77.59598,77.286964,41.76432
887,Tinley,49,24.10226,46.43848,3.10265,22.317219
656,Chaya,57,20.722834,98.66511,61.774773,27.756207
479,Avery,45,26.294449,64.558754,8.85723,31.05967
854,Riya,57,20.775717,55.33078,7.5401745,94.00446
456,Nyla,47,25.208881,75.307976,53.711792,70.22687
817,Camille,21,56.429832,58.699165,40.785755,22.505789
210,Nicolle,37,32.071903,13.280882,44.815914,22.275436
653,Sonja,21,56.531834,44.52313,25.287231,79.69426
414,Elyse,39,30.465952,99.44012,18.707829,63.028427
850,Azeneth,27,44.087994,20.682865,38.045338,71.97519
488,Kenley,41,29.090624,0.39417717,12.296223,57.173824
717,Micaela,34,35.084698,44.0023,99.2089,98.25918
750,Samara,54,22.132969,93.141014,56.796215,18.391045
275,Adalind,37,32.31783,39.8302,25.38564,22.04302
515,Princess,40,29.97905,67.306274,80.49064,3.0334492
431,Clarissa,34,35.30152,81.83385,90.449135,4.2529316
274,Mabel,42,28.605343,80.87158,42.093967,45.571438
973,Addisyn,39,30.8472,70.60397,72.61823,86.64747
636,Delaney,46,26.213003,48.910824,48.9308,81.96066
886,Amelie,26,46.408535,81.9024,72.56505,72.43141
482,Marceline,37,32.640064,90.80297,76.636505,89.582115
183,Rhyan,39,31.198362,22.632103,89.86143,55.639896
888,Saanvi,48,25.349602,77.737816,92.73268,72.923706
531,Faith,52,23.43804,17.220888,60.373043,46.620506
556,Brinley,25,48.77686,44.135735,52.93181,22.409246
844,Juliana,39,31.288677,57.261734,88.87722,38.601418
242,Azalea,32,38.13564,64.108055,63.92205,74.29145
904,Annelise,30,40.688587,28.433132,80.196495,10.078908
909,Alana,51,23.94198,45.302753,32.994537,22.56393
554,Ana,37,33.025932,90.12742,84.42366,68.259026
418,Kenslee,26,47.021317,57.627605,40.853657,17.653214
125,Luisa,34,36.01404,24.694302,96.02873,40.337994
609,Ariya,23,53.240192,81.97152,1.4994735,1.6672713
824,Yaretzi,43,28.512163,90.10513,4.0477276,67.28147
427,Adelaide,44,27.880129,15.593328,66.81785,32.231167
512,Mary,29,42.436134,18.807846,47.900978,25.089012
477,Emeli,24,51.29792,80.97696,82.04218,68.913315
924,Saniya,50,24.62534,15.392479,94.97018,64.62392
67,Ariel,28,44.0054,27.0853,61.36053,51.34728
40,Laila,54,22.873524,4.154789,49.0904,95.50502
736,Isabela,32,38.64732,43.079735,42.314457,22.63777
69,Annaliese,43,28.957558,11.453644,19.990349,98.07632
143,Carol,21,59.414417,30.629477,6.1626897,29.195185
963,Kenzy,34,36.772243,78.02697,9.590475,84.562096
613,Bexley,43,29.136126,62.23238,30.93432,26.343554
359,Adrianna,31,40.422035,0.8598669,4.140026,88.85735
745,Aila,35,35.982273,41.057346,42.14391,38.249813
968,Addison,34,37.040825,3.7027874,93.732315,32.626076
11,River,41,30.724604,30.338383,72.35324,29.15323
644,Cambria,48,26.251898,67.78138,18.004866,75.87637
879,Silvia,42,30.04455,37.536327,16.177847,7.765907
229,Reina,24,52.754253,75.93113,45.43352,51.220264
136,Ada,44,28.94353,5.1553183,37.081863,33.87713
168,Lia,52,24.53365,51.245037,49.387573,36.342587
103,Miriam,40,31.967983,33.66926,52.929028,44.275322
988,Jacqueline,22,58.61259,87.02351,89.4252,92.55041
324,Aminah,24,53.763992,72.01799,48.656044,65.297516
917,Jasmin,52,24.937006,45.510303,91.06748,57.958996
139,Rebekah,30,43.290077,43.906376,57.847263,65.39615
412,Harley,23,56.598637,68.707565,64.14105,7.7614293
99,Calista,52,25.035666,76.0792,32.27976,62.86401
831,Aubry,33,39.63113,87.42838,21.80059,45.63451
746,Jaelyn,42,31.164698,31.610691,31.557848,27.068497
336,Jordynn,25,52.558804,46.664967,69.11513,74.880554
558,Carter,54,24.350195,30.68701,23.771942,66.004005
119,Evelina,45,29.303581,93.290344,39.406563,78.46692
670,Zamira,25,52.975063,80.992966,34.882664,8.05679
329,Amora,38,34.871197,55.953407,11.101323,20.029177
56,Giada,47,28.289452,27.296633,46.03846,10.77596
153,Kaylin,37,35.944473,49.12761,6.5107255,5.3383574
790,Aislynn,30,44.39826,89.2893,82.05363,69.38189
929,Lilia,24,55.53794,24.407883,34.60357,80.01927
674,Tanya,48,27.8202,82.384254,13.795069,89.76164
342,Rayne,30,44.598087,49.47013,84.18164,23.162264
837,Rosa,50,26.806566,20.50677,21.274302,88.96037
330,Harmony,52,25.806692,74.20162,90.098885,84.09886
396,Kaylee,28,47.93432,53.011395,26.717924,51.649418
977,Laniyah,33,40.718006,51.802433,70.43737,87.34284
94,Juno,50,26.920183,9.915458,69.759964,32.629063
455,Peyton,47,28.67476,1.9106928,28.100449,75.721275
5,Adley,39,34.642044,67.81635,86.11782,85.214714
612,Rylie,25,54.25941,57.179592,31.130941,75.13267
584,Zoe,56,24.280836,38.471405,24.951815,93.826485
805,Anais,56,24.297464,6.1250825,87.31328,80.84748
7,Lela,35,38.915047,7.073725,55.120083,19.747955
923,Maria,59,23.095251,39.29668,93.40579,75.25049
544,Bellamy,23,59.25233,3.620461,12.157576,46.644516
784,Kylan,28,48.737072,58.663296,42.234627,1.647058
171,Livia,29,47.149292,18.22974,35.299717,32.856243
878,Belen,58,23.695002,47.7511,47.524384,28.268192
451,Evalynn,23,59.77259,41.967358,35.362034,19.909441
161,Skyla,30,46.011494,88.06552,41.49789,73.340515
654,Malayah,44,31.505186,45.679733,33.131527,85.49842
573,Shay,25,55.471874,13.974664,62.255394,37.27616
311,Talia,51,27.213816,3.3236122,43.881096,56.085827
142,Kyla,40,34.714584,84.236664,5.926612,32.207302
856,Kylie,31,44.88949,77.67419,15.04454,38.170345
732,Hadley,46,30.301863,25.01551,3.288928,44.872326
284,Nevaeh,52,26.82301,39.885418,52.146297,75.57621
374,Evalyn,52,26.876694,50.883205,79.72939,69.19093
78,Myra,37,37.782513,79.81875,28.108683,63.049145
43,Jenesis,37,37.891518,66.62787,17.393356,37.05974
467,Lila,28,50.140793,96.74796,91.53929,71.60539
835,Kylee,49,28.653078,12.510871,12.222297,89.084785
344,Nailah,27,52.013706,73.062546,68.09044,79.35289
122,Alison,34,41.313046,11.548723,71.947136,65.26522
747,Elia,57,24.64816,92.417755,95.82317,27.62529
159,America,44,31.937838,24.197367,3.08461,68.62283
641,Ila,25,56.27128,12.564192,56.575237,85.46898
610,Nya,33,42.844296,95.911766,61.38224,11.51351
382,Julie,34,41.77378,90.65792,44.266956,24.275381
729,Gracen,31,45.956387,24.863823,93.90304,28.009842
504,Jazmine,54,26.387783,68.09024,91.30362,41.318012
255,Hadlee,48,29.717485,39.227787,71.36802,86.498924
845,Brianna,52,27.436424,22.962189,21.6639,96.62545
514,Ember,48,29.881645,65.6059,19.62827,97.7376
438,Zariyah,25,57.57944,8.706747,92.64986,77.41885
908,Lakelyn,34,42.360188,48.105236,5.064723,58.4293
163,Aaliyah,59,24.43942,50.41233,11.900579,8.462381
709,Jayleen,42,34.348843,2.4818065,36.6826,23.33745
304,Zuri,53,27.227325,89.62338,68.2395,24.212345
449,Ziva,41,35.20097,10.424899,10.95458,34.725822
511,Saniyah,30,48.14115,95.49984,91.6429,76.67726
724,Itzel,56,25.811226,32.95864,1.0109668,22.264477
751,Kamari,28,51.62681,23.973377,88.10015,87.89577
509,Adaleigh,45,32.162693,9.253668,69.83179,80.08105
126,Gracie,33,43.872974,4.9733553,51.774403,12.080734
155,Aubree,58,24.962967,66.024216,34.942806,23.367064
37,Fallon,59,24.548775,18.338844,87.35992,43.982742
468,Bridie,26,55.72054,3.0054095,8.291804,78.48587
395,Ximena,25,57.979218,41.28878,33.952553,9.838752
561,Posie,37,39.226177,19.0039,94.55978,47.54
157,Esmeralda,45,32.27465,98.50403,26.624401,54.660786
426,Annalee,26,55.941814,37.89084,44.955086,57.49322
671,Christina,48,30.317533,4.3976617,48.118446,27.70521
461,Sabrina,50,29.13845,93.041336,79.62036,12.949484
798,Mina,29,50.243317,96.850296,81.994896,48.086277
50,Skai,26,56.046757,58.596233,65.071144,26.442759
813,Jocelynn,54,26.996521,10.246155,86.9377,11.8131485
712,Kristina,51,28.636278,80.31534,75.325745,93.770454
966,Leanna,26,56.289577,14.482147,71.82104,43.40672
321,Greer,54,27.113811,35.177658,23.35203,90.34096
9,Bella,29,50.635605,29.818783,30.13223,98.0195
301,Thea,33,44.505177,79.91401,93.54449,12.904546
725,Stella,49,30.014002,50.468655,57.80824,13.314363
756,Viola,37,39.778057,57.17357,3.5758903,98.751236
884,Parker,56,26.317196,92.4426,95.6126,49.5794
334,Emmarie,31,47.650806,87.44231,55.603645,76.028305
173,Yara,40,36.934853,70.6218,9.398117,50.937023
384,Celina,30,49.348473,99.7306,0.22054294,68.081924
940,Juliette,38,38.98036,44.72004,6.7600274,57.409943
714,Sutton,33,44.90732,2.557055,79.54801,87.696365
250,Rosalynn,41,36.170876,21.880573,47.219627,49.63099
969,Janiyah,36,41.274193,82.889404,50.278034,84.324104
586,Catherine,26,57.266716,92.249725,96.98507,87.22637
643,Lillyanna,25,59.566257,53.03687,87.95952,27.60071
435,Saylor,25,59.705666,96.582794,63.317554,54.79097
770,Alianna,46,32.524754,62.23434,96.122345,15.740548
975,Adelyn,39,38.45565,37.97364,2.074206,84.63461
88,Ivy,44,34.098793,26.76314,51.795628,43.624466
593,Hazel,42,35.781494,72.242584,76.917145,75.75201
508,Deanna,28,53.732895,67.30523,27.101963,15.962534
697,Eleanore,28,53.770363,84.60695,87.59972,62.372692
138,Clara,29,52.009487,37.829166,14.131408,20.962381
649,Aarya,30,50.36104,1.2692778,0.031722642,0.025921024
901,Novalee,39,38.77962,54.861835,35.125393,1.1630726
991,Liz,45,33.68224,9.388664,99.393036,53.193417
992,Liz,45,33.68224,9.388664,99.393036,53.193417
863,Patricia,33,46.005493,80.850365,16.644028,90.648315
895,Tiffany,46,33.06993,17.968836,60.999104,32.30059
684,Bristol,32,47.5498,21.412672,24.79647,44.736675
997,Lucille,28,54.493607,55.73758,35.521893,58.43035
651,Alisha,39,39.162388,33.595463,25.54912,92.24159
789,Calla,37,41.28188,50.74313,14.515579,11.026915
500,Rhea,48,31.856075,23.663187,2.548087,95.854935
891,Kaya,59,25.940054,64.27201,74.16828,74.07109
964,Angela,59,25.942118,55.7874,44.893013,78.55564
773,Holland,43,35.700195,60.891132,12.752209,66.99017
288,Eden,27,57.05441,26.974798,87.70281,12.416799
355,Avah,31,49.87757,14.545904,91.90413,92.67366
819,Araceli,39,39.685482,60.231247,21.521605,42.35382
957,Paulina,29,53.432278,64.0272,53.190834,8.569871
667,Leyna,27,57.43214,69.474434,59.829456,80.730194
596,Kasen,30,51.81234,36.526997,72.67212,29.146893
354,Alexa,30,51.96169,24.230213,26.631449,94.14121
811,Arely,50,31.190878,29.534698,6.36428,20.682594
318,Siri,51,30.675457,38.222095,79.81643,40.700005
425,Avalynn,27,57.975704,12.542434,63.803528,31.467491
954,Royal,30,52.43938,76.62681,7.4920025,7.600783
944,Adira,30,52.520325,26.669323,65.69718,57.184715
270,Mckinley,50,31.51414,44.1569,33.72762,48.270515
407,Madeline,45,35.05607,45.783516,2.7399166,10.660501
62,Sharon,37,42.70942,31.911575,45.110374,17.888428
300,Arella,30,52.700333,78.45284,7.811621,7.0803957
576,Octavia,49,32.318207,40.160786,17.406528,70.152565
200,Perry,32,49.51152,76.98454,57.913788,12.146956
447,Oaklynn,51,31.162207,0.35205287,63.17518,6.608774
661,Eva,35,45.70328,81.468414,46.617558,97.78012
149,Alina,41,39.05583,27.456356,68.4267,79.352104
818,Rosalia,54,29.74278,7.8854313,41.462513,10.15079
251,Lesly,47,34.20204,97.42545,87.30375,93.61886
701,Summer,28,57.415222,35.741856,90.23148,92.434746
433,Elena,28,57.534176,22.413055,18.871592,58.006
743,Zariah,43,37.511276,21.13269,74.02307,5.483271
432,Arlette,37,43.72739,46.78849,38.218605,41.272736
533,Leylah,55,29.478205,8.469849,13.672482,75.13074
836,Monserrat,46,35.26922,89.09034,19.857443,93.32244
422,Kaitlyn,39,41.66126,54.93139,4.1121054,33.40793
498,Emmalynn,43,37.83785,97.02583,55.854816,55.005516
796,Amaya,37,43.991905,23.557434,69.574455,14.411668
579,Alice,38,43.123524,87.69572,79.01634,63.451202
624,Elysia,35,46.834938,85.93433,42.346756,19.41473
424,Emmeline,30,54.73442,13.18544,29.19931,68.53072
894,Laurel,59,27.940147,57.62127,57.503822,52.23703
495,Amara,47,35.08559,30.006754,60.14359,14.892538
369,Braylee,35,47.13733,49.61049,38.34217,5.9230824
631,Raya,55,30.015661,21.187794,53.392834,79.45501
428,Kendall,39,42.402355,63.45646,99.27929,94.08587
900,Nylah,44,37.601013,94.03225,99.48377,45.72404
955,Elliott,34,48.71515,31.009186,57.519524,14.325591
499,Lailah,43,38.54919,17.82211,97.31095,75.64541
699,Emilia,36,46.120975,12.171289,30.654676,98.50876
615,Nayeli,28,59.411037,37.947723,52.35105,95.13615
444,Dulce,44,37.82384,23.12986,39.43141,6.2976017
660,Mylah,55,30.28511,67.88306,61.93921,37.961403
83,Kayla,46,36.31331,89.74313,51.276424,90.61754
392,Malaysia,33,50.626225,84.912476,61.79109,31.629333
860,Adelia,48,34.82282,94.49715,90.92238,17.176207
240,Kynlee,40,41.828465,69.51162,22.294872,99.41063
791,Makenzie,35,48.125874,29.859085,52.68262,78.454384
625,Evan,56,30.24923,17.350626,90.00278,84.0101
403,Raelyn,34,49.8811,54.700462,13.945531,21.91063
379,Lilah,44,38.788853,3.672452,91.78846,51.073795
710,Giovanni,54,31.610283,75.17316,96.31631,80.27203
952,Magdalena,48,35.656338,73.10216,94.743126,1.848588
51,Promise,31,55.258823,50.13617,0.46808428,8.865013
540,Daniella,40,42.921513,10.022905,34.164154,40.106277
481,Coralynn,41,41.96971,9.576797,29.688074,2.8482394
922,Crystal,42,40.97258,65.66931,62.171818,2.9020114
238,Bianca,47,36.73073,86.22522,76.58888,77.52456
377,Alayna,33,52.380405,30.029413,29.459387,91.01414
237,Grecia,51,33.91585,92.349625,69.27741,32.14526
560,Anaya,56,30.89894,11.321824,65.17882,86.92304
366,Emory,50,34.698265,54.185436,57.10899,45.855774
985,Finlee,46,37.765358,24.18353,21.655092,84.53773
28,Molly,49,35.56227,88.53906,62.95649,27.481762
849,Yasmin,30,58.148617,78.18338,57.60117,86.7145
42,Amy,36,48.63989,85.98958,82.93172,58.971256
677,Katalina,44,39.86869,1.1935756,17.144444,48.620827
899,Alyvia,32,55.02231,9.123374,31.894447,15.0027485
47,Cassie,37,47.61502,59.003727,27.748577,18.202934
931,Abigail,36,49.136787,81.13377,38.594276,31.741646
349,Andrea,56,31.624617,82.93285,3.8029945,72.59181
110,Briseis,35,50.660122,22.397902,87.74417,74.15787
227,Teagan,36,49.2711,34.294548,86.868484,90.73023
675,Margo,33,53.78691,75.349464,43.529987,43.236855
492,Ariyana,35,50.794426,72.26174,6.515111,98.41078
626,Leela,32,55.599277,55.350285,16.274933,75.245186
868,Sylvia,38,46.83423,20.055788,55.8649,98.42093
106,Zoey,31,57.44965,16.931446,1.6316823,77.61341
10,Areli,34,52.46734,80.60964,32.41784,97.91458
86,Ainsley,32,55.83191,97.822426,67.646866,30.598145
145,Esme,31,57.882015,39.281223,91.47485,92.933876
803,Scout,35,51.306297,45.000427,69.114235,14.142257
648,Kailani,44,40.86979,79.698395,31.144905,93.56503
325,Melody,55,32.72779,13.431221,45.644554,59.93906
814,Paige,47,38.3487,68.31913,5.2937064,46.463566
133,Roxanne,37,48.825275,32.448994,62.62598,88.56768
167,Royalty,37,48.869247,13.325261,72.51159,33.172928
419,Winter,37,48.88027,93.88219,4.7876916,55.584877
44,Isabelle,38,47.643463,27.544193,92.42537,75.275665
502,Eloise,33,54.881416,67.19028,89.31331,90.15522
937,Giana,54,33.541553,57.956192,86.42573,19.708372
278,Demi,45,40.372368,30.492325,35.539032,13.349141
206,Isla,41,44.37016,25.535015,87.55074,90.10479
686,Kai,46,39.576145,47.449417,54.397873,30.612797
109,Emilee,44,41.431202,16.102205,17.81544,86.281845
998,Neveah,48,37.997375,81.291046,37.048534,80.908936
778,Yareli,37,49.31683,47.261654,72.7507,33.932377
196,Leighton,40,45.678253,3.6478336,3.5270886,55.820778
826,Bri,58,31.672262,90.62613,91.95059,9.216274
152,Marley,54,34.07074,46.395752,79.82584,11.334119
352,Karleigh,40,46.049885,79.66898,34.65775,2.4105105
659,Kiera,57,32.34613,97.40381,70.59178,13.094457
58,Emmi,53,34.79813,28.274273,35.2246,96.059105
209,Lillyana,46,40.194794,32.239277,4.0048237,57.99926
124,Julia,57,32.462982,22.341352,18.416918,74.67475
815,Aubrey,32,57.956776,36.399014,57.392536,23.112148
408,Aliana,40,46.474262,57.653214,15.879573,6.7903543
510,Zelda,56,33.283115,5.471253,79.88851,11.009133
429,Denise,57,32.715637,94.57924,92.654564,63.324707
727,Aliza,32,58.304398,38.230396,71.86848,32.149883
3,Hattie,44,42.624588,89.05786,30.067211,16.223557
754,Navya,44,42.643234,35.762516,97.7121,8.481075
915,Toni,36,52.15146,3.3442976,64.98386,27.094461
870,Natalya,57,32.97103,53.350758,83.16337,32.51092
629,Lillian,54,34.832893,99.37025,10.961158,17.908945
927,Nadia,38,49.540977,88.874756,57.148094,30.874247
652,Kamila,33,57.131683,62.73733,19.987732,16.417944
716,Ariadna,37,51.19286,40.359737,64.565636,68.74526
907,Danna,43,44.183475,22.23752,79.7883,93.23844
538,Sydney,51,37.30444,65.30727,11.583937,91.178825
758,Kali,48,39.64524,50.737804,79.54875,64.75408
882,Maren,35,54.376453,75.18377,44.806942,92.92853
23,Diamond,34,56.170162,14.111994,65.6265,24.073153
657,Aliyana,42,45.47113,45.846245,68.35871,18.125528
266,Quinn,53,36.17229,37.950375,95.189835,29.896523
465,Analia,46,41.68616,86.08926,83.42991,36.981834
928,Darcy,35,54.91096,34.802334,85.222435,52.757046
263,Kaia,49,39.31273,25.365173,86.79049,71.17569
158,Lilliana,41,47.00245,5.180725,98.15813,43.89187
226,Kelly,41,47.00261,82.89016,15.156793,34.65845
388,Carmen,57,33.854126,95.08685,38.005577,16.996233
485,Isis,44,43.85933,89.35477,79.02696,43.95296
640,Austyn,42,46.01872,11.085603,2.7578025,10.934124
830,Callan,53,36.47155,54.383442,58.91627,52.589905
949,Nyasia,36,53.702137,74.291115,6.4205904,81.979294
763,Ansley,58,33.334633,80.11363,10.047472,29.327618
589,Elliot,57,34.159927,67.55208,86.745804,98.352516
698,Analise,41,47.508255,58.253086,21.025068,50.838627
965,Tara,47,41.482864,90.915535,53.293488,63.184856
614,Claire,42,46.48207,56.66437,47.209816,89.88248
632,Daleyza,40,48.892895,24.437222,82.64675,50.966576
271,Harper,34,57.616974,35.132042,58.539036,60.798515
534,Josephine,40,49.112297,36.49934,57.663982,11.214272
858,Madilyn,46,42.8987,12.584229,46.977577,83.66177
151,Diana,48,41.212482,45.81501,8.50184,85.8966
926,Dalilah,42,47.20968,40.20926,64.35283,35.433437
234,Amaria,48,41.321636,76.49537,21.448128,2.3228178
476,Janiya,48,41.64189,42.650845,10.117468,2.4845326
795,Hensley,35,57.17813,53.45169,12.464937,95.26482
948,Alivia,38,52.67266,77.363396,30.076174,79.69842
637,Leilani,45,44.49553,54.42662,49.438236,2.980392
361,Jewel,48,41.777626,25.873045,97.83372,5.1247263
79,Alaya,52,38.76284,27.68609,45.964,4.808753
230,Aria,56,36.02712,25.225742,28.5937,31.626585
64,Eowyn,43,46.938427,52.90535,34.592598,61.063328
829,Nalah,56,36.063156,38.860874,53.548714,62.210682
529,Saphira,50,40.39309,5.29324,81.73764,97.641396
543,Viviana,43,47.041492,26.000172,39.890713,45.195293
694,Cayley,54,37.50252,45.14514,68.075645,25.649933
570,Mavis,59,34.51791,10.980513,22.512356,96.62942
322,Lexi,41,49.89666,46.511562,96.76108,74.73495
373,Lilyana,46,44.47489,50.331535,4.0598755,4.811027
115,Elise,48,42.628853,24.653011,61.318615,12.253048
351,Delia,51,40.134983,45.492245,68.57888,67.247406
597,Aurelia,40,51.419945,36.522762,0.16412188,84.7784
113,Lennon,42,49.24357,56.893223,80.11549,27.64629
847,Mariah,52,39.799812,85.79496,34.96922,65.55831
587,Nathaly,43,48.15988,58.307365,28.883165,1.9686052
85,Elora,40,51.78163,81.63187,64.081535,28.457924
144,Sariya,48,43.194508,65.17495,92.434814,33.039646
898,Malia,53,39.123676,40.217266,8.809114,1.389334
442,Lily,42,49.428368,71.917534,26.086714,48.686592
286,Heather,41,50.729248,77.75206,47.083252,41.668457
129,Aleyah,47,44.289413,91.31498,98.86147,24.877945
673,Arya,54,38.570126,48.946396,12.561416,94.8598
156,Avianna,41,50.856476,28.812431,88.62943,56.811222
871,Haven,58,35.987034,1.7528964,75.25667,66.382545
309,Madeleine,35,59.750492,85.43726,75.111465,77.02582
693,Dylan,36,58.099163,35.477085,47.835724,72.48554
386,Joselyn,47,44.555252,93.217316,71.730446,12.483481
390,Rosalie,43,48.77309,28.26853,93.85035,3.0349066
441,Mckenzie,48,43.766624,74.37669,93.46218,21.804636
682,Zainab,43,48.88083,70.58358,56.262848,35.688965
174,Kambree,37,56.908882,4.0936513,9.251362,27.52973
416,Charleigh,47,44.885544,89.99357,44.630047,95.554886
437,Amiyah,41,51.546776,94.467636,0.18665674,43.365604
961,Guadalupe,47,44.975243,21.612898,14.672413,13.54775
859,Liv,58,36.476177,62.94879,42.47928,63.25568
525,Marbella,45,47.043938,14.393075,38.148468,93.2623
793,Jolie,58,36.52463,93.51306,95.238625,25.560612
664,Eisabella,36,58.922207,28.453362,66.93532,85.788826
933,Ailani,55,38.582523,50.000034,9.635617,27.324194
914,Noah,56,37.92606,20.71055,25.171604,46.352135
214,Aya,59,36.079372,28.85746,28.697922,20.916225
494,Kensley,36,59.303967,60.667347,77.87656,61.834465
569,Rylan,37,57.751522,2.7836688,51.89004,22.925081
676,Sophia,48,44.55083,17.332676,8.550979,0.3687231
221,Xiomara,39,55.03982,86.28421,8.1810055,46.208378
646,Kenzie,56,38.419285,79.702446,48.56487,57.960922
594,Liliana,53,40.627796,55.019146,12.36093,92.411224
742,Aubryn,54,39.87831,55.440998,60.03496,25.991571
658,Natalie,59,36.504482,12.775797,40.97593,33.603497
55,Riah,40,53.905815,75.132484,41.24883,3.3356194
19,Valeria,48,44.932285,8.224737,68.793465,33.675583
513,Hope,48,45.030464,59.989067,95.91249,51.259686
295,Sunny,44,49.23981,60.09291,11.924822,77.08113
111,Layla,46,47.122887,62.896416,36.43765,46.78261
565,Kaelynn,57,38.075672,77.60649,44.26896,78.78634
619,Teresa,51,42.563988,28.051443,46.54464,82.67905
635,Cali,40,54.499847,47.721073,63.301994,50.642273
617,Kadence,55,39.74334,51.624573,21.596052,31.64899
24,Rosemary,46,47.745087,73.28468,73.26575,28.928682
580,Barbara,56,39.343987,64.71576,87.135376,80.908424
764,Siena,50,44.304253,77.63933,54.424156,71.21569
205,Marilyn,41,54.081367,73.2908,21.582783,10.609712
523,Taya,37,59.932175,34.23778,78.74682,98.25407
893,Malaya,51,43.50441,43.340782,32.19832,45.354347
527,Alisson,42,52.864586,2.3037746,35.51891,90.461044
605,Zinnia,42,52.97503,20.5292,89.90667,7.9337516
61,Sienna,50,44.55268,52.673344,59.909092,97.44349
721,Kimberly,47,47.48499,12.357749,56.442196,86.123215
252,Francesca,48,46.507263,4.492353,10.188596,65.42217
516,Kaiya,47,47.500454,74.38935,88.810356,2.8170245
695,Liah,58,38.715126,66.97288,9.420719,31.867823
566,Brooke,54,41.614925,77.156555,46.84722,53.45
700,Kairi,59,38.157898,74.616035,28.455227,55.970543
253,Selah,47,47.934525,68.450035,46.945404,96.07006
191,Caroline,49,46.317165,13.083413,86.93631,1.1433052
572,Leigha,45,50.52053,2.8823416,19.924088,65.663086
634,Malka,55,41.34349,32.210155,98.89067,85.87101
662,Samaria,54,42.535637,29.877378,99.39188,48.40624
834,Gracelynn,51,45.15851,67.64918,80.731026,87.45632
520,Morgan,45,51.193867,24.6549,44.36325,49.931137
292,Juniper,40,57.59775,56.633137,72.583855,94.76083
100,Karla,44,52.395615,43.432983,47.893623,90.963776
199,Khloe,42,54.997807,40.868294,63.38103,54.73677
181,Rita,40,57.75051,0.47214225,56.579,72.555305
941,Cambrie,40,57.78464,38.499443,24.712334,85.52515
81,Karina,45,51.369606,90.52967,8.691177,61.463963
46,Mikaela,41,56.40266,39.833263,27.308046,51.448997
235,Amaris,43,53.820274,0.11239223,24.552923,9.806944
942,Jayda,49,47.231766,14.174172,16.602217,89.6601
680,Serenity,48,48.629234,81.021164,19.44932,80.92592
287,Skye,45,52.2159,91.448235,17.53428,63.77027
370,Londyn,42,55.965984,7.2867155,14.624082,49.287197
881,Dahlia,57,41.24218,40.19134,37.806065,30.887634
98,Isabella,54,43.631245,55.71161,54.251213,90.08718
14,Yamileth,49,48.236626,84.56171,6.5551224,80.969604
490,Gianna,47,50.528587,74.017456,19.716953,52.655087
216,Destinee,56,42.42613,83.87565,53.663124,41.724213
505,Sofie,46,51.655632,98.29251,99.79677,29.769686
938,Jaliyah,49,48.816513,45.40228,39.41851,27.049414
979,Laynie,57,42.095726,59.42961,18.896969,64.0109
192,Reese,44,54.633823,40.02867,55.520172,13.368928
68,Jada,58,41.611942,77.55627,15.771477,34.447487
338,Soraya,56,43.186134,91.12816,69.73879,64.97213
259,Rosie,49,49.359386,13.688673,73.354546,84.18152
73,Leylani,41,59.06236,74.977196,40.542576,92.2727
577,Nia,58,41.791992,41.192055,31.292368,54.702553
49,Miah,51,47.53796,13.170384,63.89307,60.240387
627,Jayla,51,47.663277,14.178717,32.65645,32.98476
170,Alena,51,47.75707,17.851334,51.191082,94.405014
464,Kristen,42,58.1196,69.577614,88.33724,92.83864
483,Anja,58,42.122757,1.8987244,96.790504,71.04806
182,Callie,53,46.144268,18.96883,75.965935,88.35168
857,Fernanda,50,48.926285,38.011246,66.53127,45.768707
261,Caylee,41,59.706875,90.769455,58.42616,6.3115745
187,Ryleigh,50,49.005135,47.63011,36.02614,32.221985
852,Selene,44,55.795258,24.007675,47.739677,42.338505
57,Dorothy,45,54.568565,0.36041918,60.55605,6.7826805
541,Chana,54,45.57158,94.45704,20.855461,17.543375
331,Finley,51,48.323227,43.57444,93.34034,81.01146
343,Aitana,52,47.496567,56.756405,3.3543043,72.47681
53,Ellie,58,42.62739,61.786163,22.65759,76.47722
555,Aliya,42,58.875504,20.279915,11.374755,88.94753
399,Heidi,49,50.492302,82.59757,34.74578,44.973923
134,Mylee,47,53.015495,76.987755,29.755655,28.979591
228,London,44,56.699455,77.11702,30.368805,88.43296
401,Anya,45,55.491356,46.244774,6.50132,94.202126
365,Ryan,47,53.359207,18.127573,32.68114,53.32563
400,Madelyn,46,54.6078,72.44353,56.707405,46.18498
720,Astrid,45,55.833218,93.66466,63.41792,82.95081
222,Amelia,53,47.52979,91.591,5.4113,73.07332
526,Julianna,50,50.47891,86.39128,88.43139,57.730003
246,Eliana,48,52.798615,70.65994,3.917393,23.63399
711,Rebecca,55,46.106922,32.954643,76.88386,52.494354
307,Kehlani,43,59.11021,35.76338,49.39833,51.147728
446,Devin,45,56.538548,30.727213,33.44523,81.55234
862,Arianna,51,50.016155,88.25532,16.33681,46.671482
989,Elin,43,59.446274,39.16618,21.803991,40.603653
179,Zoie,43,59.93935,97.469696,88.61808,94.55525
946,Mya,54,47.8093,4.6381016,5.072837,91.47433
72,Yasmina,45,57.380775,55.629364,23.925714,83.914665
692,Erika,58,44.586452,29.18183,31.25196,31.11078
902,Phoenix,50,51.932728,12.074099,86.58302,82.421135
310,Brenna,54,48.585926,75.60246,58.210888,30.171858
919,Paris,45,58.32995,18.263247,43.810425,36.35275
70,Jianna,57,46.094032,19.734713,23.289974,88.90966
713,Mercy,55,47.994984,90.73882,27.131996,73.12719
530,Sylvie,46,57.459255,27.74281,94.40206,98.47549
935,Annika,51,51.992542,25.116934,12.771914,19.092224
215,Whitney,50,53.255276,25.40865,67.71865,57.586384
921,Cordelia,46,57.945198,34.2193,60.267822,4.439623
705,Eleanor,51,52.535954,74.38123,10.688063,60.540085
18,Leila,58,46.227623,82.37782,30.77486,27.647127
440,Brynlee,54,49.76646,3.126033,32.2056,10.978797
439,Braelyn,52,51.932163,53.206684,26.582975,28.436192
788,Brooklynn,52,52.060028,63.54127,1.7821447,12.3125305
493,Elsie,55,49.35945,96.13023,1.7855718,56.745884
892,Charlie,59,46.14434,50.408024,9.500611,67.759056
663,Blake,49,55.567448,43.25492,85.016045,20.590954
478,Lydia,47,58.177433,4.097571,67.8162,86.58401
420,Mackenzie,48,57.05107,56.410683,18.101343,8.1933775
436,Mikayla,46,59.919395,77.23164,80.708435,98.413216
348,Skylar,55,50.127632,2.803067,81.34182,13.819633
547,Alexandria,46,59.965084,76.79994,80.515114,53.03887
160,Kaylie,55,50.160225,20.726086,13.558824,96.179504
347,Ashlyn,48,57.563717,32.174576,34.85096,87.92086
220,Josslyn,51,54.356583,83.68467,34.323246,72.93815
638,Cora,56,49.836475,33.27366,50.070583,35.01424
66,Delilah,53,53.091988,85.86907,54.144363,36.10955
785,Carleigh,53,53.259476,20.671707,8.695501,94.319664
411,Hana,55,51.488655,33.935226,3.0024529,31.22236
166,Raven,56,50.653687,98.07699,52.074974,61.455235
190,Sawyer,55,52.050537,13.106127,73.09657,69.367546
786,Katelyn,50,57.377796,68.04664,86.58894,22.30939
17,Cherish,59,48.641758,58.164528,14.748621,31.058847
2,Kelsey,54,53.15689,41.654858,65.80716,35.589638
623,Elliana,57,50.379677,74.74912,66.7909,29.613405
562,Gracyn,57,50.786827,49.056446,55.485737,31.691784
460,Kinzley,57,50.937466,11.500613,56.594566,92.3393
804,Evangeline,59,49.336605,65.178116,88.544586,0.9106925
519,Poppy,52,56.22338,69.064766,23.14791,18.94955
8,Noella,54,54.183174,31.628616,40.72433,49.218052
549,Helen,59,50.118652,44.14574,25.73957,93.26367
806,Maliah,59,50.198128,37.8719,38.774326,1.0803145
581,Andi,55,54.270794,20.074766,90.7879,82.60048
585,Mylene,51,58.589516,12.622132,80.54346,60.854595
77,Joyce,52,57.738388,43.678024,96.78485,34.188625
839,Twyla,54,55.70048,12.071302,61.702953,39.422882
821,Josie,58,52.63689,83.13064,42.93395,47.275066
840,Vera,52,58.71233,62.42228,25.261002,48.19116
299,Hailey,57,53.566807,80.52709,11.271076,84.76562
767,Raegan,59,51.880524,27.01275,25.27785,76.70892
219,Carolina,57,53.771233,2.8270473,63.37202,30.251299
146,Saige,55,56.011604,26.08322,99.86078,99.04671
189,Kenzley,57,54.2328,49.3816,72.684456,34.79331
769,Rosalyn,54,57.519344,51.54045,55.580402,99.541245
208,Micah,52,59.827663,79.86954,67.502365,79.3079
622,Malani,53,59.163094,73.33669,20.670765,9.617875
810,Cecilia,59,53.150154,94.86705,55.36256,19.81353
925,Berkley,59,53.332993,29.047436,73.27957,30.155611
4,Scarlett,58,56.52455,32.23225,98.35093,80.99057
535,Lili,58,58.72827,25.400118,65.56041,26.707531
457,Cadence,59,59.26728,86.01874,13.337867,79.675446
114,Madison,59,59.537594,95.71303,79.967834,10.580002
880,Aspen,59,59.694386,6.9790645,93.80992,64.769875
